city,region
Адыгейск,Адыгея Республика
Майкоп,Адыгея Республика
Агидель,Башкортостан Республика
Баймак,Башкортостан Республика
Белебей,Башкортостан Республика
Белорецк,Башкортостан Республика
Бирск,Башкортостан Республика
Благовещенск,Башкортостан Республика
Давлеканово,Башкортостан Республика
Дюртюли,Башкортостан Республика
Ишимбай,Башкортостан Республика
Кумертау,Башкортостан Республика
Межгорье,Башкортостан Республика
Мелеуз,Башкортостан Республика
Нефтекамск,Башкортостан Республика
Октябрьский,Башкортостан Республика
Салават,Башкортостан Республика
Сибай,Башкортостан Республика
Стерлитамак,Башкортостан Республика
Туймазы,Башкортостан Республика
Уфа,Башкортостан Республика
Учалы,Башкортостан Республика
Янаул,Башкортостан Республика
Бабушкин,Бурятия Республика
Гусиноозерск,Бурятия Республика
Закаменск,Бурятия Республика
Кяхта,Бурятия Республика
Северобайкальск,Бурятия Республика
Улан-Удэ,Бурятия Республика
Горно-Алтайск,Алтай Республика
Буйнакск,Дагестан Республика
Дагестанские Огни,Дагестан Республика
Дербент,Дагестан Республика
Избербаш,Дагестан Республика
Каспийск,Дагестан Республика
Кизилюрт,Дагестан Республика
Кизляр,Дагестан Республика
Махачкала,Дагестан Республика
Хасавюрт,Дагестан Республика
Южно-Сухокумск,Дагестан Республика
Карабулак,Ингушетия Республика
Магас,Ингушетия Республика
Малгобек,Ингушетия Республика
Назрань,Ингушетия Республика
Баксан,Кабардино-Балкарская Республика
Майский,Кабардино-Балкарская Республика
Нальчик,Кабардино-Балкарская Республика
Нарткала,Кабардино-Балкарская Республика
Прохладный,Кабардино-Балкарская Республика
Терек,Кабардино-Балкарская Республика
Тырныауз,Кабардино-Балкарская Республика
Чегем,Кабардино-Балкарская Республика
Городовиковск,Калмыкия Республика
Лагань,Калмыкия Республика
Элиста,Калмыкия Республика
Карачаевск,Карачаево-Черкесская Республика
Теберда,Карачаево-Черкесская Республика
Усть-Джегута,Карачаево-Черкесская Республика
Черкесск,Карачаево-Черкесская Республика
Беломорск,Карелия Республика
Кемь,Карелия Республика
Кондопога,Карелия Республика
Костомукша,Карелия Республика
Лахденпохья,Карелия Республика
Медвежьегорск,Карелия Республика
Олонец,Карелия Республика
Петрозаводск,Карелия Республика
Питкяранта,Карелия Республика
Пудож,Карелия Республика
Сегежа,Карелия Республика
Сортавала,Карелия Республика
Суоярви,Карелия Республика
Воркута,Коми Республика
Вуктыл,Коми Республика
Емва,Коми Республика
Инта,Коми Республика
Микунь,Коми Республика
Печора,Коми Республика
Сосногорск,Коми Республика
Сыктывкар,Коми Республика
Усинск,Коми Республика
Ухта,Коми Республика
Волжск,Марий Эл Республика
Звенигово,Марий Эл Республика
Йошкар-Ола,Марий Эл Республика
Козьмодемьянск,Марий Эл Республика
Ардатов,Мордовия Республика
Инсар,Мордовия Республика
Ковылкино,Мордовия Республика
Краснослободск,Мордовия Республика
Рузаевка,Мордовия Республика
Саранск,Мордовия Республика
Темников,Мордовия Республика
Алдан,Саха /Якутия/ Республика
Верхоянск,Саха /Якутия/ Республика
Вилюйск,Саха /Якутия/ Республика
Ленск,Саха /Якутия/ Республика
Мирный,Саха /Якутия/ Республика
Нерюнгри,Саха /Якутия/ Республика
Нюрба,Саха /Якутия/ Республика
Олекминск,Саха /Якутия/ Республика
Покровск,Саха /Якутия/ Республика
Среднеколымск,Саха /Якутия/ Республика
Томмот,Саха /Якутия/ Республика
Удачный,Саха /Якутия/ Республика
Якутск,Саха /Якутия/ Республика
Алагир,Северная Осетия - Алания Республика
Ардон,Северная Осетия - Алания Республика
Беслан,Северная Осетия - Алания Республика
Владикавказ,Северная Осетия - Алания Республика
Дигора,Северная Осетия - Алания Республика
Моздок,Северная Осетия - Алания Республика
Агрыз,Татарстан Республика
Азнакаево,Татарстан Республика
Альметьевск,Татарстан Республика
Арск,Татарстан Республика
Бавлы,Татарстан Республика
Болгар,Татарстан Республика
Бугульма,Татарстан Республика
Буинск,Татарстан Республика
Елабуга,Татарстан Республика
Заинск,Татарстан Республика
Зеленодольск,Татарстан Республика
Казань,Татарстан Республика
Лаишево,Татарстан Республика
Лениногорск,Татарстан Республика
Мамадыш,Татарстан Республика
Менделеевск,Татарстан Республика
Мензелинск,Татарстан Республика
Набережные Челны,Татарстан Республика
Нижнекамск,Татарстан Республика
Нурлат,Татарстан Республика
Тетюши,Татарстан Республика
Чистополь,Татарстан Республика
Ак-Довурак,Тыва Республика
Кызыл,Тыва Республика
Туран,Тыва Республика
Чадан,Тыва Республика
Шагонар,Тыва Республика
Воткинск,Удмуртская Республика
Глазов,Удмуртская Республика
Ижевск,Удмуртская Республика
Камбарка,Удмуртская Республика
Можга,Удмуртская Республика
Сарапул,Удмуртская Республика
Абаза,Хакасия Республика
Абакан,Хакасия Республика
Саяногорск,Хакасия Республика
Сорск,Хакасия Республика
Черногорск,Хакасия Республика
Аргун,Чеченская Республика
Грозный,Чеченская Республика
Гудермес,Чеченская Республика
Урус-Мартан,Чеченская Республика
Шали,Чеченская Республика
Алатырь,Чувашская Республика - Чувашия
Канаш,Чувашская Республика - Чувашия
Козловка,Чувашская Республика - Чувашия
Мариинский Посад,Чувашская Республика - Чувашия
Новочебоксарск,Чувашская Республика - Чувашия
Цивильск,Чувашская Республика - Чувашия
Чебоксары,Чувашская Республика - Чувашия
Шумерля,Чувашская Республика - Чувашия
Ядрин,Чувашская Республика - Чувашия
Алейск,Алтайский Край
Барнаул,Алтайский Край
Белокуриха,Алтайский Край
Бийск,Алтайский Край
Горняк,Алтайский Край
Заринск,Алтайский Край
Змеиногорск,Алтайский Край
Камень-на-Оби,Алтайский Край
Новоалтайск,Алтайский Край
Рубцовск,Алтайский Край
Славгород,Алтайский Край
Яровое,Алтайский Край
Абинск,Краснодарский Край
Анапа,Краснодарский Край
Апшеронск,Краснодарский Край
Армавир,Краснодарский Край
Белореченск,Краснодарский Край
Геленджик,Краснодарский Край
Горячий Ключ,Краснодарский Край
Гулькевичи,Краснодарский Край
Ейск,Краснодарский Край
Кореновск,Краснодарский Край
Краснодар,Краснодарский Край
Кропоткин,Краснодарский Край
Крымск,Краснодарский Край
Курганинск,Краснодарский Край
Лабинск,Краснодарский Край
Новокубанск,Краснодарский Край
Новороссийск,Краснодарский Край
Приморско-Ахтарск,Краснодарский Край
Славянск-на-Кубани,Краснодарский Край
Сочи,Краснодарский Край
Тимашевск,Краснодарский Край
Тихорецк,Краснодарский Край
Туапсе,Краснодарский Край
Усть-Лабинск,Краснодарский Край
Хадыженск,Краснодарский Край
Архангельск,Архангельская Область
Вельск,Архангельская Область
Каргополь,Архангельская Область
Коряжма,Архангельская Область
Котлас,Архангельская Область
Мезень,Архангельская Область
Мирный,Архангельская Область
Новодвинск,Архангельская Область
Няндома,Архангельская Область
Онега,Архангельская Область
Северодвинск,Архангельская Область
Шенкурск,Архангельская Область
Асбест,Свердловская Область
Алапаевск,Свердловская Область
Арамиль,Свердловская Область
Артемовский,Свердловская Область
Березовский,Свердловская Область
Богданович,Свердловская Область
Верхний Тагил,Свердловская Область
Верхняя Пышма,Свердловская Область
Верхняя Салда,Свердловская Область
Верхняя Тура,Свердловская Область
Волчанск,Свердловская Область
Дегтярск,Свердловская Область
Екатеринбург,Свердловская Область
Заречный,Свердловская Область
Ивдель,Свердловская Область
Ирбит,Свердловская Область
Каменск-Уральский,Свердловская Область
Камышлов,Свердловская Область
Карпинск,Свердловская Область
Качканар,Свердловская Область
Краснотурьинск,Свердловская Область
Красноуральск,Свердловская Область
Красноуфимск,Свердловская Область
Кушва,Свердловская Область
Лесной,Свердловская Область
Михайловск,Свердловская Область
Невьянск,Свердловская Область
Нижние Серги,Свердловская Область
Нижний Тагил,Свердловская Область
Нижняя Салда,Свердловская Область
Нижняя Тура,Свердловская Область
Новая Ляля,Свердловская Область
Новоуральск,Свердловская Область
Первоуральск,Свердловская Область
Полевской,Свердловская Область
Ревда,Свердловская Область
Реж,Свердловская Область
Североуральск,Свердловская Область
Серов,Свердловская Область
Среднеуральск,Свердловская Область
Сухой Лог,Свердловская Область
Сысерть,Свердловская Область
Тавда,Свердловская Область
Талица,Свердловская Область
Туринск,Свердловская Область
Алексеевка,Белгородская Область
Белгород,Белгородская Область
Бирюч,Белгородская Область
Валуйки,Белгородская Область
Грайворон,Белгородская Область
Губкин,Белгородская Область
Короча,Белгородская Область
Новый Оскол,Белгородская Область
Старый Оскол,Белгородская Область
Строитель,Белгородская Область
Шебекино,Белгородская Область
Белоусово,Брянская Область
Брянск,Брянская Область
Дятьково,Брянская Область
Жуковка,Брянская Область
Злынка,Брянская Область
Карачев,Брянская Область
Клинцы,Брянская Область
Мглин,Брянская Область
Навля,Брянская Область
Новозыбков,Брянская Область
Почеп,Брянская Область
Севск,Брянская Область
Сельцо,Брянская Область
Стародуб,Брянская Область
Сураж,Брянская Область
Трубчевск,Брянская Область
Унеча,Брянская Область
Фокино,Брянская Область
Александров,Владимирская Область
Владимир,Владимирская Область
Вязники,Владимирская Область
Гороховец,Владимирская Область
Гусь-Хрустальный,Владимирская Область
Камешково,Владимирская Область
Карабаново,Владимирская Область
Киржач,Владимирская Область
Ковров,Владимирская Область
Кольчугино,Владимирская Область
Костерево,Владимирская Область
Курлово,Владимирская Область
Лакинск,Владимирская Область
Меленки,Владимирская Область
Муром,Владимирская Область
Петушки,Владимирская Область
Покров,Владимирская Область
Радужный,Владимирская Область
Собинка,Владимирская Область
Струнино,Владимирская Область
Судогда,Владимирская Область
Суздаль,Владимирская Область
Юрьев-Польский,Владимирская Область
Волгоград,Волгоградская Область
Волжский,Волгоградская Область
Дубовка,Волгоградская Область
Жирновск,Волгоградская Область
Калач-на-Дону,Волгоградская Область
Камышин,Волгоградская Область
Котельниково,Волгоградская Область
Котово,Волгоградская Область
Краснослободск,Волгоградская Область
Ленинск,Волгоградская Область
Михайловка,Волгоградская Область
Николаевск,Волгоградская Область
Новоаннинский,Волгоградская Область
Палласовка,Волгоградская Область
Петров Вал,Волгоградская Область
Серафимович,Волгоградская Область
Суровикино,Волгоградская Область
Урюпинск,Волгоградская Область
Фролово,Волгоградская Область
Бабаево,Вологодская Область
Белозерск,Вологодская Область
Великий Устюг,Вологодская Область
Вологда,Вологодская Область
Вытегра,Вологодская Область
Грязовец,Вологодская Область
Кадников,Вологодская Область
Кириллов,Вологодская Область
Красавино,Вологодская Область
Никольск,Вологодская Область
Сокол,Вологодская Область
Тотьма,Вологодская Область
Устюжна,Вологодская Область
Харовск,Вологодская Область
Череповец,Вологодская Область
Бутурлиновка,Воронежская Область
Бобров,Воронежская Область
Богучар,Воронежская Область
Борисоглебск,Воронежская Область
Воронеж,Воронежская Область
Калач,Воронежская Область
Лиски,Воронежская Область
Нововоронеж,Воронежская Область
Новохоперск,Воронежская Область
Острогожск,Воронежская Область
Павловск,Воронежская Область
Поворино,Воронежская Область
Россошь,Воронежская Область
Семилуки,Воронежская Область
Эртиль,Воронежская Область
Буйнакск,Дагестан
Дагестанские Огни,Дагестан
Дербент,Дагестан
Избербаш,Дагестан
Каспийск,Дагестан
Кизилюрт,Дагестан
Кизляр,Дагестан
Махачкала,Дагестан
Хасавюрт,Дагестан
Южно-Сухокумск,Дагестан
Биробиджан,Еврейская Автономная Область
Облучье,Еврейская Автономная Область
Зареченск,Ивановская Область
Вичуга,Ивановская Область
Гаврилов Посад,Ивановская Область
Заволжск,Ивановская Область
Иваново,Ивановская Область
Кинешма,Ивановская Область
Комсомольск,Ивановская Область
Кохма,Ивановская Область
Наволоки,Ивановская Область
Плес,Ивановская Область
Приволжск,Ивановская Область
Пучеж,Ивановская Область
Родники,Ивановская Область
Тейково,Ивановская Область
Фурманов,Ивановская Область
Шуя,Ивановская Область
Южа,Ивановская Область
Юрьевец,Ивановская Область
Ангарск,Иркутская Область
Байкальск,Иркутская Область
Бирюсинск,Иркутская Область
Бодайбо,Иркутская Область
Братск,Иркутская Область
Железногорск-Илимский,Иркутская Область
Зима,Иркутская Область
Иркутск,Иркутская Область
Киренск,Иркутская Область
Нижнеудинск,Иркутская Область
Саянск,Иркутская Область
Свирск,Иркутская Область
Слюдянка,Иркутская Область
Тайшет,Иркутская Область
Тулун,Иркутская Область
Усолье-Сибирское,Иркутская Область
Усть-Илимск,Иркутская Область
Усть-Кут,Иркутская Область
Черемхово,Иркутская Область
Шелехов,Иркутская Область
Баксан,Кабардино-Балкарская Республика
Майский,Кабардино-Балкарская Республика
Нальчик,Кабардино-Балкарская Республика
Нарткала,Кабардино-Балкарская Республика
Прохладный,Кабардино-Балкарская Республика
Терек,Кабардино-Балкарская Республика
Тырныауз,Кабардино-Балкарская Республика
Чегем,Кабардино-Балкарская Республика
Малгобек,Ингушетия
Назрань,Ингушетия
Карабулак,Ингушетия
Магас,Ингушетия
Алупка,Крым
Алушта,Крым
Армянск,Крым
Бахчисарай,Крым
Белогорск,Крым
Джанкой,Крым
Евпатория,Крым
Керчь,Крым
Красноперекопск,Крым
Саки,Крым
Симферополь,Крым
Старый Крым,Крым
Судак,Крым
Феодосия,Крым
Щелкино,Крым
Ялта,Крым
Грозный,Чеченская Республика
Аргун,Чеченская Республика
Гудермес,Чеченская Республика
Шали,Чеченская Республика
Благовещенск,Курганская Область
Далматово,Курганская Область
Катайск,Курганская Область
Курган,Курганская Область
Куртамыш,Курганская Область
Макушино,Курганская Область
Петухово,Курганская Область
Шадринск,Курганская Область
Шумиха,Курганская Область
Щучье,Курганская Область
Дмитриев,Курская Область
Железногорск,Курская Область
Курск,Курская Область
Курчатов,Курская Область
Льгов,Курская Область
Обоянь,Курская Область
Рыльск,Курская Область
Суджа,Курская Область
Фатеж,Курская Область
Щигры,Курская Область
Гатчина,Ленинградская Область
Волосово,Ленинградская Область
Волхов,Ленинградская Область
Всеволожск,Ленинградская Область
Выборг,Ленинградская Область
Высоцк,Ленинградская Область
Каменногорск,Ленинградская Область
Кингисепп,Ленинградская Область
Кириши,Ленинградская Область
Кировск,Ленинградская Область
Лодейное Поле,Ленинградская Область
Луга,Ленинградская Область
Любань,Ленинградская Область
Никольское,Ленинградская Область
Новая Ладога,Ленинградская Область
Отрадное,Ленинградская Область
Пикалево,Ленинградская Область
Подпорожье,Ленинградская Область
Приморск,Ленинградская Область
Приозерск,Ленинградская Область
Светогорск,Ленинградская Область
Сертолово,Ленинградская Область
Сланцы,Ленинградская Область
Сосновый Бор,Ленинградская Область
Сясьстрой,Ленинградская Область
Тихвин,Ленинградская Область
Тосно,Ленинградская Область
Шлиссельбург,Ленинградская Область
Жигулевск,Самарская Область
Кинель,Самарская Область
Нефтегорск,Самарская Область
Новокуйбышевск,Самарская Область
Октябрьск,Самарская Область
Отрадный,Самарская Область
Похвистнево,Самарская Область
Самара,Самарская Область
Сызрань,Самарская Область
Тольятти,Самарская Область
Чапаевск,Самарская Область
Артем,Приморский Край
Большой Камень,Приморский Край
Владивосток,Приморский Край
Дальнегорск,Приморский Край
Дальнереченск,Приморский Край
Лесозаводск,Приморский Край
Находка,Приморский Край
Партизанск,Приморский Край
Спасск-Дальний,Приморский Край
Уссурийск,Приморский Край
Фокино,Приморский Край
Арсеньев,Приморский Край
Анжеро-Судженск,Кемеровская Область
Белово,Кемеровская Область
Березовский,Кемеровская Область
Калтан,Кемеровская Область
Кемерово,Кемеровская Область
Киселевск,Кемеровская Область
Ленинск-Кузнецкий,Кемеровская Область
Мариинск,Кемеровская Область
Междуреченск,Кемеровская Область
Мыски,Кемеровская Область
Новокузнецк,Кемеровская Область
Осинники,Кемеровская Область
Полысаево,Кемеровская Область
Прокопьевск,Кемеровская Область
Салаир,Кемеровская Область
Тайга,Кемеровская Область
Таштагол,Кемеровская Область
Топки,Кемеровская Область
Юрга,Кемеровская Область
Березники,Пермский Край
Верещагино,Пермский Край
Горнозаводск,Пермский Край
Гремячинск,Пермский Край
Губаха,Пермский Край
Добрянка,Пермский Край
Кизел,Пермский Край
Красновишерск,Пермский Край
Краснокамск,Пермский Край
Кудымкар,Пермский Край
Кунгур,Пермский Край
Лысьва,Пермский Край
Нытва,Пермский Край
Очер,Пермский Край
Пермь,Пермский Край
Соликамск,Пермский Край
Усолье,Пермский Край
Чайковский,Пермский Край
Чердынь,Пермский Край
Чернушка,Пермский Край
Чусовой,Пермский Край
Благодарный,Ставропольский Край
Буденновск,Ставропольский Край
Георгиевск,Ставропольский Край
Ессентуки,Ставропольский Край
Железноводск,Ставропольский Край
Зеленокумск,Ставропольский Край
Изобильный,Ставропольский Край
Ипатово,Ставропольский Край
Кисловодск,Ставропольский Край
Минеральные Воды,Ставропольский Край
Михайловск,Ставропольский Край
Невинномысск,Ставропольский Край
Нефтекумск,Ставропольский Край
Новоалександровск,Ставропольский Край
Новопавловск,Ставропольский Край
Пятигорск,Ставропольский Край
Светлоград,Ставропольский Край
Ставрополь,Ставропольский Край
Александровск-Сахалинский,Сахалинская Область
Анива,Сахалинская Область
Долинск,Сахалинская Область
Корсаков,Сахалинская Область
Курильск,Сахалинская Область
Макаров,Сахалинская Область
Невельск,Сахалинская Область
Оха,Сахалинская Область
Поронайск,Сахалинская Область
Северо-Курильск,Сахалинская Область
Томари,Сахалинская Область
Углегорск,Сахалинская Область
Холмск,Сахалинская Область
Шахтерск,Сахалинская Область
Южно-Сахалинск,Сахалинская Область
Железногорск,Курская Область
Железногорск-Илимский,Иркутская Область
Железногорск,Красноярский Край
Железногорск,Орловская Область
Железногорск,Кемеровская Область
Железногорск,Краснодарский Край
Железногорск,Пермский Край
Железногорск,Ставропольский Край
Железногорск,Тамбовская Область
Железногорск,Республика Хакасия
Железногорск,Тюменская Область
