comments,likes,user,user_url,source,sentiment
–ì–¥–µ –≤–∑—è—Ç—å —Ñ—É—Ç–±–æ–ª–∫—É —Å –ù–∞–≤–∞–ª—å–Ω—ã–º!!!?? –ö–∞–∂–¥–æ–µ –≤–∏–¥–µ–æ —Å–ø—Ä–∞—à–∏–≤–∞—é!! –£ –º–µ–Ω—è –ø—Ä–µ–ø–æ–¥ —Ñ–∞–Ω –ø—É—Ç–∏–Ω–∞,1537,@merrydigging4686,https://www.youtube.com/channel/UCyoBlL3oncxdKcWvTBkjRNg,YouTube,1 star
"–∫–æ—Ä—É–ø—Ü–∏—è —ç—Ç–æ –æ–±—Ä–∞–∑ –∂–∏–∑–Ω–∏ –Ω–∞—à–µ–π –≤–ª–∞—Å—Ç–∏ , –∏ –∫–∞–∫ –≤ —Ç–∞–∫–æ–º –≥–æ—Å—É–¥–∞—Ä—Å—Ç–≤–µ –∂–∏—Ç—å –≥–¥–µ –≤—Å–µ–º –Ω–∞ –≤—Å–µ –ø–æ—Ö—É–π ?",1028,@FallenAngel-si8xr,https://www.youtube.com/channel/UCsKC6iXYIhKQwmHy-krHVqg,YouTube,1 star
–ö–æ—Ä—Ä—É–ø—Ü–∏—è –≤ –†–æ—Å—Å–∏–∏? –ë—Ä–µ–¥! –í –†–æ—Å—Å–∏–∏ –Ω–µ—Ç –∫–æ—Ä—Ä—É–ø—Ü–∏–∏! –ö–æ—Ä—Ä—É–ø—Ü–∏—è –º–æ–∂–µ—Ç –±—ã—Ç—å —Ç–æ–ª—å–∫–æ –≤ –ø—Ä–∞–≤–æ–≤–æ–º –≥–æ—Å—É–¥–∞—Ä—Å—Ç–≤–µ! –ê –µ—Å–ª–∏ —Ñ–µ–æ–¥–∞–ª –∑–∞–±–∏—Ä–∞–µ—Ç –¥–µ–Ω—å–≥–∏ —É —Å–≤–æ–∏—Ö –∫—Ä–µ–ø–æ—Å—Ç–Ω—ã—Ö - —Ç–æ —ç—Ç–æ –Ω–æ—Ä–º–∞–ª—å–Ω–æ!,894,@aliaksandrfil3978,https://www.youtube.com/channel/UC8L51-_Nwn8-mQpyRDnS6BA,YouTube,1 star
"–Ø —Å—á–∞—Å—Ç–ª–∏–≤, —á—Ç–æ —Ö–æ—Ç—å –∫—Ç–æ-—Ç–æ –ø—Ä–æ—Ç–∏–≤–æ—Å—Ç–æ–∏—Ç —ç—Ç–∏–º –≤–æ—Ä–∞–º, –ª–∂–µ—Ü–∞–º –∏ —É–±–ª—é–¥–∫–∞–º. –¢–µ–º —Å–∞–º—ã–º –∫–∞–∫-—Ç–æ —É—Å–ª–æ–∂–Ω—è–µ—Ç –∏–º –∂–∏–∑–Ω—å.. –ù—É –∞ –º—ã –ø–æ –≤–æ–∑–º–æ–∂–Ω–æ—Å—Ç–∏ –ø–æ–¥–¥–µ—Ä–∂–∏–º –≤–∞—à –§–æ–Ω–¥ —Ñ–∏–Ω–∞–Ω—Å–æ–≤–æ, —á—Ç–æ–±—ã –≤—ã –∏ –¥–∞–ª–µ–µ —Å—É—â–µ—Å—Ç–≤–æ–≤–∞–ª–∏ –∏ —Ä–∞–¥–æ–≤–∞–ª–∏ –Ω–∞—Å —Å–≤–æ–µ–π –ø—Ä–æ–¥–µ–ª–∞–Ω–Ω–æ–π —Ä–∞–±–æ—Ç–æ–π.",822,@user-bm1gt4zl3d,https://www.youtube.com/channel/UCMNBUFPllcjOyGHMNF_xCqA,YouTube,5 stars
"–í—Å–µ –Ω–∞ –≤–µ—Ä—Ö–∞—Ö –∑–Ω–∞—é—Ç, –∞ –≤–æ–≤–∞ –æ–ø—è—Ç—å –Ω–∏–≤–∫—É—Ä—Å–µ...",696,@lego9274,https://www.youtube.com/channel/UCJQh910d9Je2JK7UiaSUeaQ,YouTube,1 star
"–≠—Ç–æ—Ç –º–æ–º–µ–Ω—Ç, –∫–æ–≥–¥–∞ –±–æ—Ç—ã –µ—â–µ –Ω–µ –Ω–∞–±–µ–∂–∞–ª–∏ –∏ –¥–∏–∑–ª–∞–π–∫–æ–≤ —Ç–æ–ª—å–∫–æ 0,6%...",664,@Penetreter73311,https://www.youtube.com/channel/UCAAlN7MVvQHMYgwTiUDnmrQ,YouTube,1 star
"–µ—Å–ª–∏ 6 —Ç—Ä–∏–ª–ª–∏–æ–Ω–æ–≤ –ø–æ–¥–µ–ª–∏—Ç—å –Ω–∞ 170–º–ª–Ω —Ä–æ—Å—Å–∏—è–Ω, —Ç–æ –∫–∞–∂–¥—ã–π –≥–æ–¥ –∫–∞–∂–¥—ã–π —Ä–æ—Å–∏—è–Ω–∏–Ω –º–æ–≥ –±—ã –ø–æ–ª—É—á–∞—Ç—å —Ä–∞–∑–æ–≤—É—é –≤—ã–ø–ª–∞—Ç—É 32500—Ä—É–±–ª–µ–π.",605,@bumerang_zerkalo,https://www.youtube.com/channel/UC_gD4rJ4rEHFO8O3gx40XSg,YouTube,1 star
"–Ø –ø–æ–Ω–∏–º–∞—é —ç—Ç–æ —Ç–∞–∫: –≤ –°–°–°–† –ª—é–¥–∏ –∂–∏–ª–∏ –æ–¥–∏–Ω–∞–∫–æ–≤–æ –±–µ–¥–Ω–æ, —Å–∫—É–¥–Ω–æ, –∫–∞–∫ –≤—Å–µ. –ù–∏—á–µ–≥–æ –Ω–µ –±—ã–ª–æ. –î–æ –ø–æ—Ä—ã –¥–æ –≤—Ä–µ–º–µ–Ω–∏ –æ–Ω–∏ –≤–µ—Ä–∏–ª–∏ –≤ —Å–≤–µ—Ç–ª–æ–µ –±—É–¥—É—â–µ–µ, –Ω–æ —É–∂–µ –≤ 70-80-—Ö –Ω–∞—Å—Ç—É–ø–∏–ª–æ –º—É—á–∏—Ç–µ–ª—å–Ω–æ–µ —Ä–∞–∑–æ—á–∞—Ä–æ–≤–∞–Ω–∏–µ –≤–æ –≤—Å—ë–º –∏ –≤—Å—è (–æ—Ç—Å—é–¥–∞ –º–∏–ª–ª–∏–æ–Ω—ã –∞–ª–∫–æ–≥–æ–ª–∏–∫–æ–≤). –ò –∫–æ–≥–¥–∞ –ø–æ—è–≤–∏–ª—Å—è —Ä—ã–Ω–æ–∫, –≤—Å–µ —Å—Ç—Ä–∞—Å—Ç–Ω–æ –∑–∞—Ö–æ—Ç–µ–ª–∏ –¥–µ–Ω–µ–≥, –±–æ–≥–∞—Ç—Å—Ç–≤–∞, —Ä–æ—Å–∫–æ—à–∏, –ø—Ä–∏—á—ë–º —Ç–∞–∫, —á—Ç–æ–±—ã –ø–µ—Ä–µ–ø–ª—é–Ω—É—Ç—å –≤—Å–µ—Ö - —Å–æ—Å–µ–¥–µ–π, –¥—Ä—É–∑–µ–π, –∫–æ–ª–ª–µ–≥. –î–µ–Ω—å–≥–∏ —Å—Ç–∞–ª–∏ —Å–º—ã—Å–ª–æ–º —Å—É—â–µ—Å—Ç–≤–æ–≤–∞–Ω–∏—è. –ú–Ω–æ–≥–∏–µ —Ä–∞–¥–∏ –¥–µ–Ω–µ–≥ –≥–æ—Ç–æ–≤—ã –Ω–∞ –≤—Å—ë. –ü–æ—Ç–æ–º—É —É –Ω–∞—Å —Ç–∞–∫–∏–µ –∂–∞–¥–Ω—ã–µ –≤—Ä–∞—á–∏, —É—á–∏—Ç–µ–ª—è, –ø–æ–ª–∏—Ü–µ–π—Å–∫–∏–µ, —á–∏–Ω–æ–≤–Ω–∏–∫–∏, —Å–≤—è—â–µ–Ω–Ω–∏–∫–∏, –±–∞–Ω–∫–∏, —Ç–æ—Ä–≥–æ–≤—Ü—ã –∏ —Ç.–¥. –í—Å—ë –ø–ª–∞—Ç–Ω–æ, –≤—Å—ë –¥–æ—Ä–æ–≥–æ, –≤—Å—ë –∑–∞ –¥–µ–Ω—å–≥–∏. –≠—Ç–æ –æ–±—ä—è—Å–Ω—è–µ—Ç —Ñ–µ–Ω–æ–º–µ–Ω–∞–ª—å–Ω—É—é –∫–æ—Ä—Ä—É–ø—Ü–∏—é, –≤–æ—Ä–æ–≤—Å—Ç–≤–æ, –±–∞–Ω–¥–∏—Ç–∏–∑–º –∏ –º–æ—Ä–∞–ª—å–Ω—ã–π —É–ø–∞–¥–æ–∫ –≤ –Ω–∞—à–µ–π —Å—Ç—Ä–∞–Ω–µ. –ü–æ—ç—Ç–æ–º—É –≥–æ–≤–æ—Ä—è—Ç –ø—Ä–æ –Ω–∞—Å, —á—Ç–æ –º—ã –∑–ª—ã–µ –∏ –Ω–µ—É–ª—ã–±—á–∏–≤—ã–µ. –ù–µ —Å —á–µ–≥–æ —É–ª—ã–±–∞—Ç—å—Å—è.",567,@JohnWilliams-nz4pv,https://www.youtube.com/channel/UCrW_hlTXuaPIyhIXyICiraw,YouTube,1 star
–ï—Å–ª–∏ –± –Ω–µ —ç—Ç–∞ –±–∞–Ω–¥–∞ –†–æ—Å—Å–∏—è –±—ã–ª–∞ –±—ã –±–æ–≥–∞—á–µ –≠–º–∏—Ä–∞—Ç–æ–≤...,553,@nastyazlatova9694,https://www.youtube.com/channel/UCUdfLXI_ZB99HNcClgJbJaw,YouTube,1 star
"–ö—Ç–æ, –µ—Å–ª–∏ –Ω–µ –ø–æ–≤–∞—Ä?",530,@Graymar112,https://www.youtube.com/channel/UCK1kft-7pTaDR109-Y7tX4g,YouTube,5 stars
IT IS VERY INTERESTING!!!,509,@user-qh7zo9yz9v,https://www.youtube.com/channel/UCiba6_TW_YhKuNBIXn6Kafw,YouTube,5 stars
"–º–¥–∞, –ª–∞–¥–Ω–æ –Ω–∞–¥–æ —Å–ø–∞—Ç—å –∏ —Å —É—Ç—Ä–µ—Ü–∞ –∏–¥—Ç–∏ —Ö—É—è—Ä–∏—Ç—å –∑–∞ —Ç—Ä–∏–¥—Ü–∞—Ç–∫—É, –¥–∞–±—ã —Å –≥–æ–ª–æ–¥—É –Ω–µ –ø–æ–¥–æ—Ö–Ω—É—Ç—å, —Å–ª–∞–≤–∞ –†–æ—Å—Å–∏–∏!",499,@user-cz1db7kv4c,https://www.youtube.com/channel/UCOX1ejz6_0hlbOI3nE-i0_w,YouTube,5 stars
"–ö–∞–∫ –∂–µ –∂–∞–ª—å,—á—Ç–æ —è –∂–∏–≤—É –≤ –†–æ—Å—Å–∏–∏üòû",496,@user-zd8hy9lx9v,https://www.youtube.com/channel/UCpLqY0lKhkdONSzzXC0zTng,YouTube,5 stars
"–†–∞–±–æ—Ç–∞—é –≤ —Å—Ñ–µ—Ä–µ —Å—Ç—Ä–æ–∏—Ç–µ–ª—å—Å—Ç–≤–∞ , –ê–ª–µ–∫—Å–µ–π –ø—Ä–∞–≤ –Ω–∞ –≤—Å–µ 100. –†–æ—Å—Å–∏—è –≤–µ–ª–∏–∫–∞—è —Å—Ç—Ä–∞–Ω–∞ . –§–ë–ö –∫—Ä–∞—Å–∞–≤—Ü—ã, –Ω–µ —Å—Ç–µ—Å–Ω—è—é—Ç—Å—è –≤—Å–ª—É—Ö –ø—Ä–æ–∏–∑–Ω–æ—Å–∏—Ç—å",455,@user-lx6sg4xc7e,https://www.youtube.com/channel/UCD6GwS9VEE4GJ-_S_ad-Qig,YouTube,5 stars
–∏ –ø—Ä–∏ —ç—Ç–æ–º –±–∞—Ä–∞–Ω—ã –∑–∞—â–∏—â–∞—é—Ç –≤–æ—Ä—é–≥—É –ø—É—Ç–∏–Ω–∞ —Å –¥—Ä—É–≥–∞–Ω–∞–º–∏,446,@valerysamsonov1819,https://www.youtube.com/channel/UCHTPY-j4_csW9chREPaxJ0A,YouTube,5 stars
–ù–∞–≤–∞–ª—å–Ω—ã–π - –º–æ–π –ø—Ä–µ–∑–∏–¥–µ–Ω—Ç!,372,@mrsithchanel,https://www.youtube.com/channel/UC2YowyUjhf3GK4R5VcLdxFQ,YouTube,5 stars
–í–æ—Ä–æ–≤—Å—Ç–≤–æ –ø—Ä–∏ –ø–ª–µ—à–∏–≤–æ–º  –ë–û–¢–û–ö–°–ù–û–ú –•–£–ô–õ–ï  —Å—Ç–∞–ª–æ  –≥–æ—Å—É–¥–∞—Ä—Å—Ç–≤–µ–Ω–Ω–æ–π –∏–¥–µ–æ–ª–æ–≥–∏–µ–π !!!,360,@ME-fv1ug,https://www.youtube.com/channel/UCXkBr66K7gbyq2C_B5WHqzg,YouTube,1 star
"–í –°–æ–º–∞–ª–∏ –∑–∞ –≤–æ—Ä–æ–≤—Å—Ç–≤–æ –æ—Ç—Ä—É–±–∞—é—Ç —Ä—É–∫–∏ –∏ –Ω–æ–≥–∏. –í –†–æ—Å—Å–∏–∏ —ç—Ç–æ–≥–æ –¥–µ–ª–∞—Ç—å –Ω–∏ –≤ –∫–æ–µ–º —Å–ª—É—á–∞–µ –Ω–µ–ª—å–∑—è: –ø—Ä–µ–¥—Å—Ç–∞–≤–ª—è–µ—Ç–µ —ç—Ç–æ –∑—Ä–µ–ª–∏—â–µ, –≤—Å—è –ì–æ—Å–¥—É–º–∞ ‚Äî –≤ –∏–Ω–≤–∞–ª–∏–¥–Ω—ã—Ö –∫–æ–ª—è—Å–∫–∞—Ö, –∏ –Ω–µ–∫–æ–º—É –¥–∞–∂–µ —É–∫–∞–∑ –ø–æ–¥–ø–∏—Å–∞—Ç—å! üòÅ",357,@inessagrigorieva9078,https://www.youtube.com/channel/UCZh91bYhYsWyiBV0XKVL7Ag,YouTube,1 star
"–ö–∞–∂–¥—ã–π —Ä–∞–∑, –∫–æ–≥–¥–∞ —Å–º–æ—Ç—Ä–∏—à—å –æ—á–µ—Ä–µ–¥–Ω–æ–µ –≤–∏–¥–µ–æ –ê–ª–µ–∫—Å–µ—è, –¥—É–º–∞–µ—à—å: –∂–µ—Å—Ç—è–Ω–∞—è –∂–µ—Å—Ç—å, –Ω–µ—É–∂–µ–ª–∏ –¥–Ω–∞ –Ω–µ—Ç? –¢–∞–∫–æ–µ –æ—â—É—â–µ–Ω–∏–µ, —á—Ç–æ –†–§ —Å—Ç–∞–ª–∞ —á—Ç–æ-—Ç–æ –≤—Ä–æ–¥–µ –±–∞–Ω–∞–Ω–æ–≤–æ–π –ª–∞—Ç–∏–Ω–æ–∞–º–µ—Ä–∏–∫–∞–Ω—Å–∫–æ–π —Ä–µ—Å–ø—É–±–ª–∏–∫–∏ —Ä–∞–∑–º–µ—Ä–æ–º —Å 1/6 —á–∞—Å—Ç—å —Å—É—à–∏. –í–æ –≥–ª–∞–≤–µ –º–∞—á–æ-–ø–æ–ª–∫–æ–≤–Ω–∏–∫, –µ–≥–æ –∫–æ—Ä–µ—à–∞, —Ä–æ–¥–Ω—è –∏ –ø—Ä–∏—Å–ª—É–≥–∞ –±–µ–∑–Ω–∞–∫–∞–∑–∞–Ω–Ω–æ, –Ω–µ–∏—Å—Ç–æ–≤–æ –≤–æ—Ä—É—é—Ç –±–æ–≥–∞—Ç—Å—Ç–≤–∞ —Å—Ç—Ä–∞–Ω—ã. –ì–æ—Å—É–¥–∞—Ä—Å—Ç–≤–æ –∏ –ø—Ä–µ—Å—Ç—É–ø–Ω–∏–∫–∏ —Å–ª–∏–≤–∞—é—Ç—Å—è –≤ –æ–¥–Ω–æ. –ù–µ–¥–æ–≤–æ–ª—å–Ω—ã—Ö –æ—Ç—Å—Ç—Ä–µ–ª–∏–≤–∞—é—Ç, –∞ —á—Ç–æ–±—ã —Ç–∞–∫–æ–≤—ã—Ö –Ω–µ –≤–æ–∑–Ω–∏–∫–∞–ª–æ –Ω–∞—Å–µ–ª–µ–Ω–∏–µ –ø—Ä–æ–º—ã–≤–∞—é—Ç –º–æ–∑–≥–∏ —Ç—Ä–µ—à–µ–≤—ã–º –¢–í-–∫–æ–Ω—Ç–µ–Ω—Ç–æ–º —Å –±–µ—Å–∫–æ–Ω–µ—á–Ω—ã–º–∏ —Å–µ—Ä–∏–∞–ª–∞–º–∏ –∏ –ø–æ—à–ª—ã–º–∏ —Ç–µ–ª–µ—à–æ—É, –ø–µ—Ä–µ–º–µ–∂–∞–µ–º—ã–º–∏ –Ω–æ–≤–æ—Å—Ç—è–º–∏ –æ —Ç–æ–º, –∫–∞–∫ –º–∞—á–æ-–≤–æ–∂–¥—å –∫–æ–º—É-—Ç–æ —Ç–∞–º –ø–æ–∫–∞–∑–∞–ª –∫—É–∑—å–∫–∏–Ω—É –º–∞—Ç—å. <br><br>–ö–æ–≥–¥–∞-—Ç–æ –æ–¥–∏–Ω –∞–º–µ—Ä–∏–∫–∞–Ω—Å–∫–∏–π –ø—Ä–µ–∑–∏–¥–µ–Ω—Ç –Ω–∞–∑–≤–∞–ª –°–°–°–† &quot;–í–µ—Ä—Ö–Ω–µ–π –í–æ–ª—å—Ç–æ–π —Å —è–¥–µ—Ä–Ω–æ–π –¥—É–±–∏–Ω–∫–æ–π&quot;. –†–§, –∫–∞–∫ –∏–∑–≤–µ—Å—Ç–Ω–æ, –ø—Ä–µ–µ–º–Ω–∏–∫ —Å–æ–≤–∫–∞.. –ß—Ç–æ –∂–µ, –†–µ–π–≥–∞–Ω –±—ã–ª –ê–ë–°–û–õ–Æ–¢–ù–û –ü–†–ê–í.",336,@gonorhin,https://www.youtube.com/channel/UCwpP9pZPsHjiMVfh_-wrg7g,YouTube,1 star
"..—Å–ª–æ–≤ —É–∂–µ –Ω–µ—Ç..—Å—Ç—Ä–∞–Ω–∞ –Ω–µ –ø—Ä–æ—Å—Ç–æ –≤–æ—Ä—é–≥,—ç—Ç–æ —É–∂–µ —Å–ª–∞–±–æ —Å–∫–∞–∑–∞–Ω–æ..–∞ –Ω–∞–º –ø—Ä–æ –£–ª—é–∫–∞–µ–≤–∞ —Å–∫–∞–∑–∫–∏ —Ä–∞—Å—Å–∫–∞–∑—ã–≤–∞—é—Ç..",288,@alekkl5496,https://www.youtube.com/channel/UCILEWIe0vg-yMP-pgplQMAw,YouTube,2 stars
"–í —à–∫–æ–ª–µ –ú–í–î –ø—Ä–µ–ø–æ–¥   —É—á–∏—Ç : &quot; –∏ –∑–∞–ø–æ–º–Ω–∏—Ç–µ, –≥–æ—Å–ø–æ–¥–∞ —Å—Ç—É–¥–µ–Ω—Ç—ã –≤–∞–∂–Ω–æ–µ –ø—Ä–∞–≤–∏–ª–æ : –≥–ª–∞–≤–Ω–æ–µ –≤–æ –≤—Ä–µ–º—è —Å–ª–µ–¥—Å—Ç–≤–∏—è –Ω–µ –≤—ã–π—Ç–∏ –Ω–∞ —Å–∞–º–∏—Ö —Å–µ–±—è ! &quot;",284,@user-xm6pb9xc2l,https://www.youtube.com/channel/UCSJBEOj-zpAdhMF6xJkHoqw,YouTube,3 stars
–ö–æ—Ä—Ä—É–ø—Ü–∏—è - –≥–æ—Å—É–¥–∞—Ä—Å—Ç–≤–µ–Ω–Ω—ã–π —Å—Ç—Ä–æ–π –†–æ—Å—Å–∏–∏.,264,@krasnoderevshik4376,https://www.youtube.com/channel/UCSr-pCxgTt1oiMaZ_Ob0FMA,YouTube,1 star
–ù–ê–í–ê–õ–¨–ù–û–ì–û –í –ü–†–ï–ó–ò–î–ï–ù–¢–´,254,@pavlikstiles4749,https://www.youtube.com/channel/UCOdj4Vyj-n_g727C28HglWA,YouTube,5 stars
–ù–∞–≤–∞–ª—å–Ω–æ–≥–æ –≤ –ø—Ä–µ–∑–∏–¥–µ–Ω—Ç—ã! ),249,@user-he2sn9se5u,https://www.youtube.com/channel/UCN3D98lCRZYkHNt5-SAytww,YouTube,5 stars
"–Ø –ø—Ä–æ—Å—Ç–æ –æ—Ö—É–µ....—é. –î–∞–∂–µ –µ—Å–ª–∏ –ø—Ä–µ–¥—Å—Ç–∞–≤–∏—Ç—å —á—Ç–æ –ø—Ä–∞–≤–¥—ã —Ö–æ—Ç—è –±—ã 30% –æ—Ç —Ç–æ–≥–æ,  –æ —á–µ–º –≥–æ–≤–æ—Ä–∏—Ç –ù–∞–≤–∞–ª—å–Ω—ã–π, –∞–≤—Ç–æ–º–∞—Ç–æ–º –¥–æ–ª–∂–Ω—ã –≤–æ–∑–±—É–∂–¥–∞—Ç—å—Å—è —É–≥–æ–ª–æ–≤–Ω—ã–µ –¥–µ–ª–∞...–ù–æ...—Ç–∏—à–∏–Ω–∞...",231,@vitalykomisarov9557,https://www.youtube.com/channel/UCItoNyafZaFHhRhN5nF6utg,YouTube,1 star
–Ω–∞ —É–¥–∏–≤–ª–µ–Ω–∏–µ –º–∞–ª–æ –¥–∏–∑–ª–∞–π–∫–æ–≤! –§–ë–ö –ú–æ–ª–æ–¥—Ü—ã!,210,@cruis_li,https://www.youtube.com/channel/UCGVzw6qcwq-ODgIf3x9M81w,YouTube,4 stars
–ö–∞–∫ –≤—Å–µ–≥–¥–∞ –í–°–ï –ß–ï–¢–ö–û –°–ö–ê–ó–ê–õ ! —Å–∏–Ω—è—è —Ä—É–±–∞—Ö–∞ –≤ –∫–ª–µ—Ç–∫—É —Ö–æ—Ä–æ—à–æ —Å–º–æ—Ç—Ä–∏—Ç—Å—è :) –∫ –Ω–∞—Ä–æ–¥—É –±–ª–∏–∂–µ !,171,@Fedorpro,https://www.youtube.com/channel/UCGojaCA5EmoILysynyarQEQ,YouTube,5 stars
"–ü—Ä–∞–≤–¥–∏–≤–æ–µ –≤–∏–¥–µ–æ.<br>–í–æ—Ç —Ç–∞–∫ –±–ª—è—Ç—ä –∏ –∂–∏–≤—ë–º...–Ω–∏ —Ä–æ–¥–∏–Ω—ã - –Ω–∏ —Ñ–ª–∞–≥–∞.<br>–ó–∞—Ç–æ –ø–æ–ø—Ä–æ–±—É–π –≤ –∫–∞–∫–æ–º-–Ω–∏–±—É–¥—å –∫–æ–ª—Ö–æ–∑–µ, –∫–æ—Ç–æ—Ä–æ–≥–æ —É–∂–µ –Ω–µ—Ç, –ø–æ—Å—Ç–∞–≤–∏—Ç—å —Å–µ—Ç–∫—É-—Ä–∞–±–∏—Ü—É –∫—Ä–∏–≤–æ –∏–ª–∏ –∑–∞—Ö–≤–∞—Ç–∏—Ç—å –ø–æ–ª-–º–µ—Ç—Ä–∞ –ø–æ—Å—Ç—Ä–æ–∏–≤ —Å–∞—Ä–∞–π, –Ω–∞–π–¥—É—Ç—Å—è —Å—Ä–∞–∑—É –º–µ–∂–µ–≤–∞–ª—å—â–∏–∫–∏, —Ö—É—è–ª—å—â–∏–∫–∏ –∏ –≤–µ—Å—å –º–æ–∑–≥ –ø—Ä–æ–µ–±—É—Ç.",149,@pravda9769,https://www.youtube.com/channel/UCWEHbVkmdz7eFWx-4oPJ4NA,YouTube,1 star
"–ê–ª–µ–∫—Å–µ–π, –ø—Ä–æ—Å–∏–º –ø—Ä–æ–≤–æ–¥–∏—Ç—å —Ä–µ–≥—É–ª—è—Ä–Ω–æ —é—Ç—É–± –≤–∏–¥–µ–æ-–∫–æ–Ω—Ñ–µ—Ä–µ–Ω—Ü–∏–∏ —Å –í–∞—à–∏–º–∏ —Å—Ç–æ—Ä–æ–Ω–Ω–∏–∫–∞–º–∏, —á—Ç–æ–±—ã –±—ã–ª –¥–≤—É—Å—Ç–æ—Ä–æ–Ω–Ω–∏–π –æ–±–º–µ–Ω –∏–Ω—Ñ–æ—Ä–º–∞—Ü–∏–µ–π!  –ö—Ç–æ –ó–∞ - —Å—Ç–∞–≤—å—Ç–µ –ª–∞–π–∫!",147,@R52Tvh,https://www.youtube.com/channel/UCQgORkXlIjwQDP5UIOqQtaA,YouTube,5 stars
"–Ω—É–∂–Ω–æ –∏–∑ –Ω–∞–∑–≤–∞–Ω–∏–µ —É–±—Ä–∞—Ç—å —Å–ª–æ–≤–æ &quot;–±–æ—Ä—å–±—ã&quot; –ø—Ä–æ—Å—Ç–æ —Ñ–æ–Ω–¥ –∫–æ—Ä—Ä—É–ø—Ü–∏–∏, —Ç–æ–≥–¥–∞ –±—ã –Ω–∞ 100% –ø–æ–¥—Ö–æ–¥–∏–ª–æ –±—ã –ø–æ–¥ –≤–∞—à—É –¥–µ—è—Ç–µ–ª—å–Ω–æ—Å—Ç—å!",146,@user-mj7vs5em7j,https://www.youtube.com/channel/UCoWzm4DJ2SBiKCwN-CHa0CA,YouTube,1 star
"–í—ã—Ä–æ–¥–æ–∫ –ø—å—è–Ω–æ–≥–æ –ï–ª—å—Ü–∏–Ω–∞,–∫–æ—Ç–æ—Ä—ã–π –∑–∞ 17 –ª–µ—Ç —Å–≤–æ–µ–≥–æ –±–µ–∑–¥–∞—Ä–Ω–æ–≥–æ –∫–Ω—è–∂–µ—Å—Ç–≤–∞ –≤—ã—É—á–∏–ª –¥–≤–∞ —Å–ª–æ–≤–∞ &quot;–ü–∞—Ü—Ä–∏–æ—Ç–∏–∑–º –∏ –Ω–∞—Ü–∏–æ–Ω–∞–ª—å–Ω–∞—è –∏–¥–µ—è&quot;.",144,@user-uw8zo1nm5s,https://www.youtube.com/channel/UCE3_r-bj7v1kNcyLHT-vn3w,YouTube,1 star
–ü—É—Ç–ª–µ—Ä —Ä–µ–∞–ª—å–Ω–æ –±–æ–ª—å–Ω–æ–π —á–µ–ª.-–ª—é–±–æ–π –∏–∑ –Ω–∞—Å –º–æ–∂–µ—Ç —Å—Ç–∞—Ç—å –ø—Ä–µ–∑–∏–¥–µ–Ω—Ç–æ–º -—Ö—É–∂–µ –Ω–µ –±—É–¥–µ—Ç)!!,142,@odinfarscape2196,https://www.youtube.com/channel/UCAo99htZ1JZS-SKBIT2xh0Q,YouTube,1 star
–ú–û–õ–û–õ–û–î–ï–¶ - –ù–ê–í–ê–õ–¨–ù–´–ô. –í–°–ï –†–ê–°–ö–û–ü–ê–ï–¢. –†–ï–°–ü–ï–ö–¢!!!,134,@MakS-hr7oo,https://www.youtube.com/channel/UCc_0YjdnAsgzdzBfjRirNYw,YouTube,5 stars
"–ü–æ–≤–û—Ä –ø—É—Ç–∏–Ω–∞, –æ—Ç —Å–ª–æ–≤–∞ –≤–û—Ä.",130,@sergeimarkelov3444,https://www.youtube.com/channel/UCAn6aiHu5pXXhvhrPfq44Xw,YouTube,5 stars
"–ê–ª–µ–∫—Å–µ–π,  –∞ –í—ã –ø—Ä–æ–≤–µ–¥–∏—Ç–µ –ª–∏–∫–±–µ–∑ –ø–æ —Ä–∞–±–æ—Ç–µ —Å —ç—Ç–∏–º–∏ –æ—Ç–∫—Ä—ã—Ç—ã–º–∏ –∏—Å—Ç–æ—á–Ω–∏–∫–∞–º–∏. –ù–∞ –∫–∞–∫–∏—Ö —Å–∞–π—Ç–∞—Ö –∏ –∫–∞–∫ –º–æ–∂–Ω–æ —á–µ—Ä–ø–∞—Ç—å –∏–Ω—Ñ–æ—Ä–º–∞—Ü–∏—é –æ —Ä–∞–∑–≤–æ—Ä–æ–≤—ã–≤–∞–Ω–∏–∏ –±—é–¥–∂–µ—Ç–∞. –û–¥–Ω–æ –¥–µ–ª–æ —Å–ª—É—à–∞—Ç—å –í–∞—Å –∏ –¥—Ä—É–≥–æ–µ –¥–µ–ª–æ, –∫–æ–≥–¥–∞ –º–æ–∂–Ω–æ —Å–∞–º–æ–º—É –ø—Ä–æ–≤–µ—Ä–∏—Ç—å –∫–∞–∫ –æ–±—Ç—Å—Ç–∞—è—Ç –¥–µ–ª–∞ –≤ –µ–≥–æ —Ä–æ–¥–Ω–æ–º –≥–æ—Ä–æ–¥–µ. –Ø –ø–æ–Ω–∏–º–∞—é —á—Ç–æ —Ç–∞–∫–∞—è —Ä–∞–±–æ—Ç–∞ –¥–µ–ª–æ –∫—Ä–æ–ø–æ—Ç–ª–∏–≤–æ–µ –∏ –Ω–µ–ª–µ–≥–∫–æ–µ, –Ω–æ –¥—É–º–∞—é —á—Ç–æ –º–Ω–æ–≥–∏–µ –±—ã –∏ —Å–∞–º–∏ –∑–∞–Ω—è–ª–∏—Å—å –ø—Ä–æ–≤–µ—Ä–∫–æ–π –∏ –ø–æ–¥—Å—á–µ—Ç–æ–º –∫—É–¥–∞ —É—Ö–æ–¥—è—Ç –≥–æ—Å. –¥–µ–Ω—å–≥–∏, –∏–±–æ —Å—á–∏—Ç–∞—Ç—å –¥–µ–Ω—å–≥–∏ –¥–µ–ª–æ –≤—Å–µ–≥–¥–∞ —É–≤–ª–µ–∫–∞—Ç–µ–ª—å–Ω–æ–µ. –î–∞—Ç—å –Ω–µ—Å–∫–æ–ª—å–∫–æ –∏–Ω—Ç–µ—Ä–∞–∫—Ç–∏–≤–Ω—ã—Ö —É—Ä–æ–∫–æ–≤ –≥—Ä–∞–∂–¥–∞–Ω–∞–º –ø–æ –∞–∑–∞–º –¥–µ–ª–æ –±–ª–∞–≥–æ–¥–∞—Ç–Ω–æ–µ. –ü–æ–¥—É–º–∞–π—Ç–µ –Ω–∞–¥ —ç—Ç–∏–º. –£–¥–∞—á–∏ –≤–∞—à–µ–º—É —Ñ–æ–Ω–¥—É –∏ –≤—Å–µ–º –≤–∞—à–∏–º —Å–æ—Ç—Ä—É–¥–Ω–∏–∫–∞–º.",124,@awesom-o1541,https://www.youtube.com/channel/UCnJzG50WWfptlXre4r80vcA,YouTube,5 stars
–¢–≤–æ–∏ –±—ã —Å–ª–æ–≤–∞ –∏ —Ä–∞—Å—Å–ª–µ–¥–æ–≤–∞–Ω–∏—è –¥–æ—à–ª–∏  –¥–æ –ë–æ–≥–∞!!! –•—Ä–∞–Ω–∏ —Ç–µ–±—è –ì–æ—Å–ø–æ–¥—å –æ—Ç –≤—Å—è–∫–æ–≥–æ –∑–ª–∞!!,115,@user-wr3ne1zq2y,https://www.youtube.com/channel/UCv6GidmmOdwzaUYndc2ORqA,YouTube,5 stars
–ö–∞—Ä–∞–º–∑–∏–Ω –æ–¥–Ω–∞–∂–¥—ã —Å–∫–∞–∑–∞–ª –ø—Ä–æ –†–æ—Å—Å–∏—é :&quot;–í–æ—Ä—É—é—Ç&quot;. –° —Ç–µ—Ö –ø–æ—Ä –Ω–∏ —á–µ–≥–æ –Ω–µ –∏–∑–º–µ–Ω–∏–ª–æ—Å—å.,106,@user-ej5cb2df5v,https://www.youtube.com/channel/UCXjKxB-_0yxU1bM5VOGlZXA,YouTube,5 stars
"–ë—Ä–∞–≤–æ –ê–ª–µ–∫—Å–µ–π, –≤ –æ—á–µ—Ä–µ–¥–Ω–æ–π —Ä–∞–∑ –∏–∑–æ–±–ª–∏—á–∏–ª–∏ —ç—Ç—É –∫–æ—Ä—Ä—É–ø—Ü–∏–æ–Ω–Ω—É—é –ø–∏—Ä–∞–º–∏–¥—É –ø–æ—Å—Ç—Ä–æ–µ–Ω–Ω—É—é –ë–ª–µ–¥–Ω–æ–π –ú–æ–ª—å—é.<br><br>P.S. –ê –ø—Ä–æ –±–∞–∑—É –≤ –ë—Ä—è–Ω—Å–∫–µ —è –∏ –Ω–µ–∑–Ω–∞–ª, –∞ –ø–æ—Å–ª–µ 05.11.17. –≤—Å–µ –∫—Ç–æ –Ω—É–∂–Ω–æ –æ—Ç–≤–µ—Ç—è—Ç –∑–∞ —ç—Ç–∏ —Ä–∞—Å–ø–∏–ª—ã.",104,@ensnare2285,https://www.youtube.com/channel/UC5ZeCNqSnelYbV1b0HJwVKA,YouTube,1 star
"–í–æ—Ç –ø–æ —ç—Ç–æ–º—É –∫–ª–∞–Ω –ü—É—Ç–∏–Ω–∞ –±—É–¥–µ—Ç –ø–æ–∂–∏–∑–Ω–µ–Ω–Ω–æ —É –≤–ª–∞—Å—Ç–∏, –∞ –æ–ø–æ–∑–∏—Ü–∏—é –±—É–¥—É—Ç —Å–∞–∂–∞—Ç—å –∏–ª–∏ –æ—Ç—Å—Ç—Ä–µ–ª–∏–≤–∞—Ç—å.–í –∏–Ω–æ–º —Å–ª—É—á–∞–µ –≤—Å—è —ç—Ç–∞ —à–∞–π–∫–∞ –∫–æ—Ç–æ—Ä–∞—è —Å 90—Ö –≥–æ–¥–æ–≤ –≥—Ä–∞–±–∏—Ç —Å—Ç—Ä–∞–Ω—É –±—É–¥–µ—Ç —Ä–∞—Å—Ç–æ—Å–æ–≤–∞–Ω–∞ –ø–æ —Ç—é—Ä—å–º–∞–º.–ù–∞ —Å–∞–º–æ–º –¥–µ–ª–µ –≤ –†–æ—Å—Å–∏–∏ —Å –∫–æ—Ä—É–ø—Ü–∏–µ–π –∏ –≤–æ—Ä–∞–º–∏ –≤—Å–µ –Ω–∞–º–Ω–æ–≥–æ —Å–µ—Ä—å–µ–∑–Ω–µ–µ —á–µ–º –≤ —Å—Ç—Ä–∞–Ω–∞—Ö –±—ã–≤—à–µ–≥–æ —Å–æ–≤–∫–∞, –º–∞—Ñ–∏—è –∏ –≤–ª–∞—Å—Ç—å —Å—Ç–∞–ª–∞ –µ–¥–∏–Ω—ã–º —Ü–µ–ª—ã–º",102,@vjkvkkvhj,https://www.youtube.com/channel/UCAZsehi3oVfvrnveq51Oprg,YouTube,1 star
"–í–æ—Ç –∑–∞ —á—Ç–æ —è –ª—é–±–ª—é –ù–∞–≤–∞–ª—å–Ω–æ–≥–æ, –¥–∞–∫ —ç—Ç–æ –∑–∞ —Ç–æ, —á—Ç–æ –£–ú–ï–ï–¢ (–∏ —Ö–æ—á–µ—Ç) –æ–±—ä—è—Å–Ω—è—Ç—å –æ–±—ã—á–Ω—ã–º —á–µ–ª–æ–≤–µ—á–µ—Å–∫–∏–º —è–∑—ã–∫–æ–º, –±–µ–∑ –≤—Å–µ—Ö —ç—Ç–∏—Ö –∑–∞—É–º–Ω—ã—Ö —á–∏–Ω–æ–≤–Ω–∏—á—å–∏—Ö —Å–ª–æ–≤ (—Ä–∞—Å—Å—á–∏—Ç–∞–Ω–Ω—ã—Ö –Ω–∞ —Ç–æ, —á—Ç–æ–±—ã –∑–∞–ø—É—Ç–∞—Ç—å –æ–±—ã–≤–∞—Ç–µ–ª—è, –Ω–µ –∑–Ω–∞–∫–æ–º–æ–≥–æ —Å —é—Ä–∏–¥ —Ç–µ—Ä–º–∏–Ω–∞–º–∏ –∏ –≤–æ–æ–±—â–µ —é—Ä–∏—Å–ø—Ä—É–¥–µ–Ω—Ü–∏–µ–π). –ò –ø–æ—ç—Ç–æ–º—É –¥–µ—Å—è—Ç–∫–∏ –º–ª–Ω –ø—Ä–æ—Å–º–æ—Ç—Ä–æ–≤ –∏ —Ç—ã—â–∏ –∫–æ–º–µ–Ω—Ç–æ–≤ –Ω–∞ –∫–∞–Ω–∞–ª–µ –≤—Å–µ–≥–¥–∞ –≤ –Ω–∞–ª–∏—á–∏–∏. –û–Ω —É–º–µ–µ—Ç –¥–æ–Ω–æ—Å–∏—Ç—å –∏–Ω—Ñ—É –¥–æ –ª—é–±–æ–≥–æ, –∫–∞–∂–µ—Ç—Å—è –¥–∞–∂–µ —Ä–µ–±–µ–Ω–æ–∫ –ø–æ–π–º–µ—Ç)) —ç—Ç–æ –ª–∏ –Ω–µ –∑–∞–º–µ—á–∞—Ç–µ–ª—å–Ω–æ–µ –∫–∞—á–µ—Å—Ç–≤–æ –õ–Æ–ë–û–ì–û —á–µ–ª–æ–≤–µ–∫–∞, –æ—Å–æ–±–µ–Ω–Ω–æ –∫–∞–Ω–¥–∏–¥–∞—Ç–∞ –≤ –ø—Ä–µ–∑–∏–¥–µ–Ω—Ç—ã?! üëçüèª —Ç–∞–∫ —á—Ç–æ, –õ–µ—Ö–∞ –∏ –§–ë–ö - –≤—ã –ª—É—á—à–∏–µ! –ë—É–¥—É –≥–æ–ª–æ—Å–æ–≤–∞—Ç—å –∑–∞ —Ç–µ–±—è –æ–±—è–∑–∞—Ç–µ–ª—å–Ω–æ!",99,@denzobak7911,https://www.youtube.com/channel/UC6wyxlcLpwJaAaUrjymxvKQ,YouTube,5 stars
–ù–∞–≤–∞–ª—å–Ω—ã–π —Ç—ã –º–æ–ª–æ–¥–µ—Ü –º—ã –∑–∞ —Ç–µ–±—è!!!,94,@alexamos5841,https://www.youtube.com/channel/UCVfWs-ntlCjiIxPNAerYf0A,YouTube,5 stars
"–ê–ª–µ–∫—Å–µ–π,–∑–¥–æ—Ä–æ–≤—å—è –í–∞–º –∏ —É–ø–æ—Ä—Å—Ç–≤–∞!",92,@herrchallenger9681,https://www.youtube.com/channel/UCPxI2E1a-5aFARkXmAU5mQg,YouTube,5 stars
"–õ–µ—Ö–∞,–ø—Ä–æ–¥–æ–ª–∂–∞–π,–º–æ–∂–µ—Ç –±—ã–¥–ª–æ–º–∞—Å—Å–∞ –∏ –ø–æ–π–º–µ—Ç —á—Ç–æ-–Ω–∏–±—É–¥—å –≤ —ç—Ç–æ–π –∂–∏–∑–Ω–∏.",90,@abc030cba,https://www.youtube.com/channel/UCmxCZINeNfaKCtq7CBWBa1g,YouTube,5 stars
"–°–ø–∞—Å–∏–±–æ,—á—Ç–æ –æ—Ç–∫—Ä—ã–≤–∞–µ—Ç–µ –ª—é–¥—è–º –≥–ª–∞–∑–∞!",89,@aurusS2,https://www.youtube.com/channel/UCqwVPtpD-ztWU5ryE3Hrdug,YouTube,5 stars
"–í–æ—Ä–æ–≤—Å–∫–∞—è —Å–∏—Å—Ç–µ–º–∞, –ø–ª—É—Ç–æ–∫—Ä–∞—Ç–∏—è, –æ–ª–∏–≥–∞—Ä—Ö–∏—è, –≤ –æ–±—â–µ–º –¥—Ä–µ–≤–Ω–∏–µ –≥—Ä–µ–∫–∏ –ø—Ä–µ–∑–∏—Ä–∞–ª–∏ —Ç–∞–∫—É—é —Å–∏—Å—Ç–µ–º—É, —Ç–∞–∫ –∫–∞–∫ –≤—Å–µ —ç—Ç–æ –≤–µ–¥–µ—Ç –∫ —É–ø–∞–¥–∫—É –∫—É–ª—å—Ç—É—Ä—ã, —Ä–∞–∑–æ–±—â–µ–Ω–∏—é –æ–±—â–µ—Å—Ç–≤–∞ –∏ —Ä–∞–∑–∂–∏–≥–∞–Ω–∏—é –Ω–µ–Ω–∞–≤–∏—Å—Ç–∏ –æ–¥–Ω–∏—Ö —Å–ª–æ–µ–≤ –∫ –¥—Ä—É–≥–∏–º.",85,@user-vy6xv2vd5x,https://www.youtube.com/channel/UCQPlQZt_5XqSJoBTURC44hw,YouTube,1 star
–ê–ª–µ–∫—Å–µ–π –±–µ—Ä–µ–≥–∏—Ç–µ —Å–µ–±—è! –°–ø–∞—Å–∏–±–æ –æ–≥—Ä–æ–º–Ω–æ–µ –≤—Å–µ–º—É –§–ë–ö. –í—ã –≥–µ—Ä–æ–∏ –Ω–∞—à–µ–≥–æ –≤—Ä–µ–º–µ–Ω–∏.,85,@user-ur8gw1mq6b,https://www.youtube.com/channel/UCn2mVqd0Knyq4nzauIyirdA,YouTube,5 stars
"–í –∞–Ω–≥–ª–∏–π—Å–∫–∏—Ö —Å—É–±—Ç–∏—Ç—Ä–∞—Ö, –ø–æ—á–µ–º—É-—Ç–æ 1,5 –º–∏–ª–ª–∏–∞—Ä–¥–∞ —Ä—É–±–ª–µ–π –ø—Ä–∏—Ä–∞–≤–Ω–µ–Ω—ã –∫ 2,5 –º–∏–ª–ª–∏–æ–Ω–∞–º –¥–æ–ª–ª–∞—Ä–æ–≤ (—Ç–∞–π–º–∏–Ω–≥ <a href=""https://www.youtube.com/watch?v=r04ItuXFXkw&amp;t=128"">2:08</a>). –≠—Ç–æ –ø–æ –∫—É—Ä—Å—É 2018 –≥–æ–¥–∞? )",83,@alkazarix,https://www.youtube.com/channel/UC5W2FMZKJlMplyO3pZ1bmHQ,YouTube,1 star
–∑–¥–µ—Å—å –≥–æ–≤–æ—Ä—è—Ç –≥–æ—Ä—å–∫—É—é –ø—Ä–∞–≤–¥—É –ø–æ —Ç–µ–ª–∏–∫—É —Å–ª–∞–¥–∫—É—é –ª–æ–∂ !!!!!!!,82,@ivansarakhmanov2251,https://www.youtube.com/channel/UCh8tMPuJr6jh1oH3A-a593A,YouTube,1 star
"–ú–æ–∂–Ω–æ —Å–ª—É—à–∞—Ç—å –±–µ—Å–∫–æ–Ω–µ—á–Ω–æ –ø—Ä–æ —ç—Ç–æ –≤–æ—Ä—å–µ , –±–µ—Å–ø—Ä–µ–¥–µ–ª –∏—Ç–¥ .. –ö–∞–∫–æ–≤—ã –≤–∞—Ä–∏–∞–Ω—Ç—ã —Ä–µ—à–µ–Ω–∏—è –ø—Ä–æ–±–ª–µ–º—ã –ø–æ –≤–µ—Ä—Å–∏–∏ –ù–∞–≤–∞–ª—å–Ω–æ–≥–æ ?",80,@j.d.9644,https://www.youtube.com/channel/UCldLVkblnCfD4P7-3f9uf9w,YouTube,1 star
–ù–∞–≤–∞–ª—å–Ω–æ–≥–æ –≤ –ø—Ä–µ–∑–∏–¥–µ–Ω—Ç—ã!,75,@user-zl1ui1yu2x,https://www.youtube.com/channel/UCuO1K3SKTXTOwABrF_asVUQ,YouTube,5 stars
